{
  "created_at": "2026-06-22T21:44:40.575732",
  "protocol_paper": "Train FAERS-only; evaluate literature expert-curated hold-out (\u00a73.5.4)",
  "unseen_cmm_stats": {
    "literature_pairs_in_graph": 1328,
    "literature_unique_herbs": 170,
    "faers_unique_herbs": 249,
    "unseen_herb_rate": 0.9647058823529412,
    "unseen_pair_rate": 0.963855421686747,
    "unseen_herbs": 164,
    "unseen_pairs": 1280,
    "paper_target_unseen_pct": 0.965
  },
  "cv_literature_holdout_proxy": {
    "precision": {
      "mean": 0.3595987846786837,
      "std": 0.03874638952574129,
      "values": [
        0.3553459119496855,
        0.42765273311897106,
        0.38095238095238093,
        0.35514018691588783,
        0.32670454545454547,
        0.3746130030959752,
        0.2772585669781931,
        0.3931888544891641,
        0.3356401384083045,
        0.3694915254237288
      ]
    },
    "mcc": {
      "mean": 0.5203316422485981,
      "std": 0.03292733930270442,
      "values": [
        0.507628745762772,
        0.5707350700232234,
        0.5573136863325222,
        0.525567224435797,
        0.4760402611146713,
        0.5254013099831321,
        0.4568948320452083,
        0.5452390838365562,
        0.5118063606484357,
        0.5266898483036633
      ]
    },
    "auc": {
      "mean": 0.9535089294805303,
      "std": 0.007512780399208341,
      "values": [
        0.959155603396723,
        0.9493573595125582,
        0.9697630607393921,
        0.9525840591553225,
        0.9406867713495536,
        0.9492265315658739,
        0.9466446016891121,
        0.9553990610328639,
        0.957361583874056,
        0.954910662489848
      ]
    },
    "n_pairs_mean": 2839.0,
    "n_pos_mean": 132.8,
    "unseen_cmm_rate_herbs": 0.007927519818799546,
    "status": "ok"
  },
  "unseen_herb_literature_subset": {
    "status": "insufficient_samples",
    "n": 1280
  },
  "next_step": "Retrain MSAT on FAERS-only edges (25734) then evaluate literature pairs"
}