{
  "created_at": "2026-06-22T21:54:51.444461",
  "protocol": "paper_3.5.4_faers_train_literature_eval",
  "unseen_cmm_target": 0.965,
  "models": [
    {
      "model": "MSAT",
      "model_key": "msat",
      "protocol": "paper_3.5.4_faers_train_literature_eval",
      "test_metrics_full": {
        "precision": 0.7831858407079646,
        "recall": 0.9329819277108434,
        "f1": 0.8515463917525773,
        "auc": 0.9280899010197416,
        "auprc": 0.9340951594482529,
        "mcc": 0.6873890813172844,
        "threshold": 0.38
      },
      "fig5a_literature_holdout": {
        "status": "ok",
        "n": 2656,
        "n_pos": 1328,
        "n_neg": 1328,
        "precision": 0.8259109311740891,
        "mcc": 0.7323504894357484,
        "auc": 0.9280899010197416,
        "unseen_herb_rate": 0.9647058823529412,
        "unique_lit_herbs": 170,
        "unique_unseen_herbs": 164
      },
      "train_seconds": 77.0695161819458
    },
    {
      "model": "GAT",
      "model_key": "gat",
      "protocol": "paper_3.5.4_faers_train_literature_eval",
      "test_metrics_full": {
        "precision": 0.7695214105793451,
        "recall": 0.9201807228915663,
        "f1": 0.8381344307270233,
        "auc": 0.9097570628901146,
        "mcc": 0.657298875486034
      },
      "fig5a_literature_holdout": {
        "status": "ok",
        "n": 2656,
        "n_pos": 1328,
        "n_neg": 1328,
        "precision": 0.7695214105793451,
        "mcc": 0.657298875486034,
        "auc": 0.9097570628901146,
        "unseen_herb_rate": 0.9647058823529412,
        "unique_lit_herbs": 170,
        "unique_unseen_herbs": 164
      }
    },
    {
      "model": "HGT",
      "model_key": "hgt",
      "protocol": "paper_3.5.4_faers_train_literature_eval",
      "test_metrics_full": {
        "precision": 0.8031914893617021,
        "recall": 0.9096385542168675,
        "f1": 0.8531073446327684,
        "auc": 0.9208030351829003,
        "mcc": 0.6928587096149992
      },
      "fig5a_literature_holdout": {
        "status": "ok",
        "n": 2656,
        "n_pos": 1328,
        "n_neg": 1328,
        "precision": 0.8031914893617021,
        "mcc": 0.6928587096149992,
        "auc": 0.9208030351829003,
        "unseen_herb_rate": 0.9647058823529412,
        "unique_lit_herbs": 170,
        "unique_unseen_herbs": 164
      }
    },
    {
      "model": "Simple-HGN",
      "model_key": "simple_hgn",
      "protocol": "paper_3.5.4_faers_train_literature_eval",
      "test_metrics_full": {
        "precision": 0.7762991128010139,
        "recall": 0.9224397590361446,
        "f1": 0.8430832759807295,
        "auc": 0.9108236409493395,
        "mcc": 0.6685803450988335
      },
      "fig5a_literature_holdout": {
        "status": "ok",
        "n": 2656,
        "n_pos": 1328,
        "n_neg": 1328,
        "precision": 0.7762991128010139,
        "mcc": 0.6685803450988335,
        "auc": 0.9108236409493395,
        "unseen_herb_rate": 0.9647058823529412,
        "unique_lit_herbs": 170,
        "unique_unseen_herbs": 164
      }
    }
  ],
  "ranking": {
    "precision": [
      "MSAT",
      "HGT",
      "Simple-HGN",
      "GAT"
    ],
    "precision_winner": "MSAT",
    "mcc": [
      "MSAT",
      "HGT",
      "Simple-HGN",
      "GAT"
    ],
    "mcc_winner": "MSAT",
    "auc": [
      "MSAT",
      "HGT",
      "Simple-HGN",
      "GAT"
    ],
    "auc_winner": "MSAT"
  },
  "msat_beats_all_gnn": true,
  "paper_claim_msat_best": true
}