{
  "created_at": "2026-06-24T02:10:32.640225",
  "protocol_paper": "Train FAERS-only; evaluate literature expert-curated hold-out (\u00a73.5.4)",
  "unseen_cmm_stats": {
    "literature_pairs_in_graph": 1328,
    "literature_unique_herbs": 170,
    "faers_unique_herbs": 249,
    "unseen_herb_rate": 0.9647058823529412,
    "unseen_pair_rate": 0.963855421686747,
    "unseen_herbs": 164,
    "unseen_pairs": 1280,
    "paper_target_unseen_pct": 0.965
  },
  "cv_literature_holdout_proxy": {
    "precision": {
      "mean": 0.3639142851495809,
      "std": 0.036467926432157204,
      "values": [
        0.36038961038961037,
        0.4117647058823529,
        0.37777777777777777,
        0.3819444444444444,
        0.36245954692556637,
        0.3956386292834891,
        0.275,
        0.38509316770186336,
        0.3310104529616725,
        0.3580645161290323
      ]
    },
    "mcc": {
      "mean": 0.5215313987128871,
      "std": 0.0311154854429361,
      "values": [
        0.5067889420420403,
        0.5581061920187012,
        0.5487371524336158,
        0.5375167463502387,
        0.499332104226788,
        0.5574642796683064,
        0.4518005594277856,
        0.5313465161737269,
        0.5018445405802401,
        0.5223769542074277
      ]
    },
    "auc": {
      "mean": 0.9545093679186138,
      "std": 0.007625711120531237,
      "values": [
        0.9626968898041113,
        0.9468236514975548,
        0.9690897941637586,
        0.9552918331145666,
        0.943470222421424,
        0.954295270652468,
        0.9446509073270942,
        0.9534297010130962,
        0.9566901127539623,
        0.9586552964381019
      ]
    },
    "n_pairs_mean": 2839.0,
    "n_pos_mean": 132.8,
    "unseen_cmm_rate_herbs": 0.004530011325028313,
    "status": "ok"
  },
  "unseen_herb_literature_subset": {
    "status": "insufficient_samples",
    "n": 1280
  },
  "next_step": "Retrain MSAT on FAERS-only edges (25734) then evaluate literature pairs"
}