{
  "models": [
    {
      "model": "GAT",
      "model_key": "gat",
      "protocol": "paper_3.5.4_faers_train_literature_eval",
      "test_metrics_full": {
        "precision": 0.7695214105793451,
        "recall": 0.9201807228915663,
        "f1": 0.8381344307270233,
        "auc": 0.9097570628901146,
        "mcc": 0.657298875486034
      },
      "fig5a_literature_holdout": {
        "status": "ok",
        "n": 2656,
        "n_pos": 1328,
        "n_neg": 1328,
        "precision": 0.7695214105793451,
        "mcc": 0.657298875486034,
        "auc": 0.9097570628901146,
        "unseen_herb_rate": 0.9647058823529412,
        "unique_lit_herbs": 170,
        "unique_unseen_herbs": 164
      }
    },
    {
      "model": "HGT",
      "model_key": "hgt",
      "protocol": "paper_3.5.4_faers_train_literature_eval",
      "test_metrics_full": {
        "precision": 0.8031914893617021,
        "recall": 0.9096385542168675,
        "f1": 0.8531073446327684,
        "auc": 0.9208030351829003,
        "mcc": 0.6928587096149992
      },
      "fig5a_literature_holdout": {
        "status": "ok",
        "n": 2656,
        "n_pos": 1328,
        "n_neg": 1328,
        "precision": 0.8031914893617021,
        "mcc": 0.6928587096149992,
        "auc": 0.9208030351829003,
        "unseen_herb_rate": 0.9647058823529412,
        "unique_lit_herbs": 170,
        "unique_unseen_herbs": 164
      }
    },
    {
      "model": "Simple-HGN",
      "model_key": "simple_hgn",
      "protocol": "paper_3.5.4_faers_train_literature_eval",
      "test_metrics_full": {
        "precision": 0.7762991128010139,
        "recall": 0.9224397590361446,
        "f1": 0.8430832759807295,
        "auc": 0.9108236409493395,
        "mcc": 0.6685803450988335
      },
      "fig5a_literature_holdout": {
        "status": "ok",
        "n": 2656,
        "n_pos": 1328,
        "n_neg": 1328,
        "precision": 0.7762991128010139,
        "mcc": 0.6685803450988335,
        "auc": 0.9108236409493395,
        "unseen_herb_rate": 0.9647058823529412,
        "unique_lit_herbs": 170,
        "unique_unseen_herbs": 164
      }
    }
  ]
}