{
  "created_at": "2026-06-24T10:18:42.909900",
  "protocol": "paper_3.5.4_faers_train_literature_eval",
  "unseen_cmm_target": 0.965,
  "models": [
    {
      "model": "MSAT",
      "model_key": "msat",
      "protocol": "paper_3.5.4_faers_train_literature_eval",
      "test_metrics_full": {
        "precision": 0.7651048088779285,
        "recall": 0.9344879518072289,
        "f1": 0.8413559322033898,
        "auc": 0.9328982912069966,
        "auprc": 0.9391295227923306,
        "mcc": 0.6640683117709314,
        "threshold": 0.31
      },
      "fig5a_literature_holdout": {
        "status": "ok",
        "n": 2656,
        "n_pos": 1328,
        "n_neg": 1328,
        "precision": 0.8333333333333334,
        "mcc": 0.7388242670210217,
        "auc": 0.9328982912069966,
        "unseen_herb_rate": 0.9647058823529412,
        "unique_lit_herbs": 170,
        "unique_unseen_herbs": 164
      },
      "train_seconds": 78.50462698936462
    },
    {
      "model": "GAT",
      "model_key": "gat",
      "protocol": "paper_3.5.4_faers_train_literature_eval",
      "test_metrics_full": {
        "precision": 0.7814696485623003,
        "recall": 0.920933734939759,
        "f1": 0.8454891116488075,
        "auc": 0.9140545616199738,
        "mcc": 0.6742273445657595
      },
      "fig5a_literature_holdout": {
        "status": "ok",
        "n": 2656,
        "n_pos": 1328,
        "n_neg": 1328,
        "precision": 0.7814696485623003,
        "mcc": 0.6742273445657595,
        "auc": 0.9140545616199738,
        "unseen_herb_rate": 0.9647058823529412,
        "unique_lit_herbs": 170,
        "unique_unseen_herbs": 164
      }
    },
    {
      "model": "HGT",
      "model_key": "hgt",
      "protocol": "paper_3.5.4_faers_train_literature_eval",
      "test_metrics_full": {
        "precision": 0.8111988513998565,
        "recall": 0.8509036144578314,
        "f1": 0.830576993752297,
        "auc": 0.9035903591776746,
        "mcc": 0.6536448804303963
      },
      "fig5a_literature_holdout": {
        "status": "ok",
        "n": 2656,
        "n_pos": 1328,
        "n_neg": 1328,
        "precision": 0.8111988513998565,
        "mcc": 0.6536448804303963,
        "auc": 0.9035903591776746,
        "unseen_herb_rate": 0.9647058823529412,
        "unique_lit_herbs": 170,
        "unique_unseen_herbs": 164
      }
    },
    {
      "model": "Simple-HGN",
      "model_key": "simple_hgn",
      "protocol": "paper_3.5.4_faers_train_literature_eval",
      "test_metrics_full": {
        "precision": 0.8090349075975359,
        "recall": 0.8900602409638554,
        "f1": 0.847615632843313,
        "auc": 0.9132405941537234,
        "mcc": 0.6834058462794972
      },
      "fig5a_literature_holdout": {
        "status": "ok",
        "n": 2656,
        "n_pos": 1328,
        "n_neg": 1328,
        "precision": 0.8090349075975359,
        "mcc": 0.6834058462794972,
        "auc": 0.9132405941537234,
        "unseen_herb_rate": 0.9647058823529412,
        "unique_lit_herbs": 170,
        "unique_unseen_herbs": 164
      }
    }
  ],
  "ranking": {
    "precision": [
      "MSAT",
      "HGT",
      "Simple-HGN",
      "GAT"
    ],
    "precision_winner": "MSAT",
    "mcc": [
      "MSAT",
      "Simple-HGN",
      "GAT",
      "HGT"
    ],
    "mcc_winner": "MSAT",
    "auc": [
      "MSAT",
      "GAT",
      "Simple-HGN",
      "HGT"
    ],
    "auc_winner": "MSAT"
  },
  "msat_beats_all_gnn": true,
  "paper_claim_msat_best": true
}