{
  "fold_count": 10,
  "baseline_label": "PU-XMSAT full-positive hybrid seed=1337 u0.2 rn0.8",
  "pu_label": "PU-XMSAT full-positive hybrid seed=1337 u0.1 rn0.8",
  "metrics": [
    {
      "metric": "auc",
      "baseline_mean": 0.9803921801571366,
      "pu_mean": 0.9799316897447123,
      "mean_delta": -0.000460490412424297,
      "pu_wins": 1,
      "pu_losses": 9,
      "ties": 0,
      "paired_ttest_statistic": -3.839793315215558,
      "paired_ttest_p": 0.00396778309151168,
      "baseline_values": [
        0.9818972375005159,
        0.9818494014473914,
        0.9831290504367427,
        0.980129679983267,
        0.9781305031283312,
        0.9791114096876861,
        0.9799089388960025,
        0.9797535552687024,
        0.9808351119825142,
        0.9791769132402125
      ],
      "pu_values": [
        0.9808357046684216,
        0.9815315907396028,
        0.9828730824929395,
        0.9797605076229178,
        0.9779705487187528,
        0.9782665716263714,
        0.9791178662110016,
        0.9797564231918291,
        0.9808148990253531,
        0.9783897031499332
      ],
      "deltas": [
        -0.001061532832094314,
        -0.00031781070778857945,
        -0.00025596794380322585,
        -0.00036917236034927914,
        -0.0001599544095783889,
        -0.0008448380613146345,
        -0.0007910726850008931,
        2.8679231266481864e-06,
        -2.021295716103655e-05,
        -0.0007872100902792667
      ]
    },
    {
      "metric": "auprc",
      "baseline_mean": 0.977982962282678,
      "pu_mean": 0.9773675327056562,
      "mean_delta": -0.0006154295770217311,
      "pu_wins": 2,
      "pu_losses": 8,
      "ties": 0,
      "paired_ttest_statistic": -3.147939005457864,
      "paired_ttest_p": 0.01177654842244825,
      "baseline_values": [
        0.9795020226196648,
        0.9810488347286961,
        0.9819457010150165,
        0.9781151122404329,
        0.9754170350055713,
        0.9745063622984824,
        0.978428451065211,
        0.976195278778934,
        0.9781105794528493,
        0.9765602456219215
      ],
      "pu_values": [
        0.9781700558565373,
        0.980557328687708,
        0.9813892505910251,
        0.9777926914469568,
        0.9747559355339347,
        0.9730738412111524,
        0.9776707973526162,
        0.9765713521349625,
        0.9783693571403863,
        0.9753247171012833
      ],
      "deltas": [
        -0.0013319667631275234,
        -0.0004915060409881322,
        -0.0005564504239914392,
        -0.0003224207934761081,
        -0.000661099471636617,
        -0.001432521087330052,
        -0.0007576537125948413,
        0.00037607335602851677,
        0.00025877768753701513,
        -0.0012355285206381295
      ]
    },
    {
      "metric": "f1",
      "baseline_mean": 0.9347671651403737,
      "pu_mean": 0.9339563444390204,
      "mean_delta": -0.0008108207013532876,
      "pu_wins": 2,
      "pu_losses": 8,
      "ties": 0,
      "paired_ttest_statistic": -1.9581988939538826,
      "paired_ttest_p": 0.08188108130609009,
      "baseline_values": [
        0.9326307866014302,
        0.9395711500974658,
        0.9403095062638173,
        0.9350415012630819,
        0.9309519425520162,
        0.9300302571860817,
        0.9335766423357664,
        0.9337903662276745,
        0.9378837125315999,
        0.9338857863448028
      ],
      "pu_values": [
        0.9321712769988632,
        0.9410092395167022,
        0.9400110071546505,
        0.9337175792507204,
        0.9282242990654206,
        0.9309827456864216,
        0.9313671946113236,
        0.932711286560201,
        0.9361317170255111,
        0.9332370985203897
      ],
      "deltas": [
        -0.0004595096025670209,
        0.001438089419236399,
        -0.00029849910916679434,
        -0.0013239220123615336,
        -0.002727643486595599,
        0.0009524885003399097,
        -0.00220944772444287,
        -0.0010790796674735592,
        -0.0017519955060887327,
        -0.0006486878244130745
      ]
    },
    {
      "metric": "mcc",
      "baseline_mean": 0.8683307285560508,
      "pu_mean": 0.866775300589529,
      "mean_delta": -0.0015554279665217718,
      "pu_wins": 2,
      "pu_losses": 8,
      "ties": 0,
      "paired_ttest_statistic": -2.0072156937257017,
      "paired_ttest_p": 0.0756671674528121,
      "baseline_values": [
        0.8679268001317795,
        0.8741026949496903,
        0.88029369316351,
        0.8672994499972905,
        0.8620404556437622,
        0.8632686105081726,
        0.8656096677947066,
        0.8651390581140973,
        0.8732796699002554,
        0.8643471853572434
      ],
      "pu_values": [
        0.8676866608196209,
        0.8773400638959278,
        0.8792436494508861,
        0.8644347064343635,
        0.8580950592532677,
        0.8643636152815897,
        0.8608852661168408,
        0.8626356531741854,
        0.8698496336109758,
        0.8632186978576325
      ],
      "deltas": [
        -0.00024013931215860485,
        0.0032373689462374955,
        -0.0010500437126239603,
        -0.0028647435629269857,
        -0.0039453963904945155,
        0.0010950047734170631,
        -0.004724401677865808,
        -0.0025034049399118574,
        -0.0034300362892796254,
        -0.0011284874996109195
      ]
    }
  ],
  "interpretation": "Use paired fold-level statistics to describe PU-XMSAT full-positive hybrid seed=1337 u0.1 rn0.8 relative to PU-XMSAT full-positive hybrid seed=1337 u0.2 rn0.8. Small non-significant mean deltas should be reported cautiously, not as definitive superiority."
}
