{
  "fold_count": 10,
  "baseline_label": "reproduced MSAT baseline",
  "pu_label": "PU-XMSAT full-positive hybrid seed=1337 u0.4 rn0.8",
  "metrics": [
    {
      "metric": "auc",
      "baseline_mean": 0.9792712054370039,
      "pu_mean": 0.9804736885680548,
      "mean_delta": 0.0012024831310510353,
      "pu_wins": 10,
      "pu_losses": 0,
      "ties": 0,
      "paired_ttest_statistic": 4.881021656823262,
      "paired_ttest_p": 0.0008701523256823706,
      "baseline_values": [
        0.9804081675038415,
        0.9797601307970053,
        0.9818687325395734,
        0.9794099713672975,
        0.9782529618202074,
        0.9790277596482873,
        0.977995819913208,
        0.9783331139144529,
        0.9803932949797024,
        0.9772621018864625
      ],
      "pu_values": [
        0.9815087785171661,
        0.9821325071165825,
        0.9832983305702445,
        0.9799891924245395,
        0.9783870312079113,
        0.9791810497123162,
        0.9797333801672036,
        0.9804541479181883,
        0.9812238016857606,
        0.9788286663606358
      ],
      "deltas": [
        0.0011006110133245928,
        0.0023723763195772074,
        0.0014295980306711087,
        0.0005792210572420631,
        0.00013406938770388344,
        0.00015329006402897694,
        0.0017375602539955182,
        0.0021210340037354225,
        0.0008305067060582205,
        0.0015665644741733598
      ]
    },
    {
      "metric": "auprc",
      "baseline_mean": 0.9770945900180382,
      "pu_mean": 0.9779023584987211,
      "mean_delta": 0.0008077684806828356,
      "pu_wins": 6,
      "pu_losses": 4,
      "ties": 0,
      "paired_ttest_statistic": 1.9805678115986804,
      "paired_ttest_p": 0.07898736999355607,
      "baseline_values": [
        0.9776681310890813,
        0.9786205824253108,
        0.9798452253604816,
        0.9781807766895324,
        0.9758939763561664,
        0.9752466735304411,
        0.9761182033494089,
        0.9758530475656131,
        0.9785709629367088,
        0.9749483208776379
      ],
      "pu_values": [
        0.9789934235069537,
        0.9808040101436636,
        0.9818996583979228,
        0.9778307417241755,
        0.9758437461200477,
        0.9735678988343015,
        0.9782103648682478,
        0.9773581598305882,
        0.978490826426074,
        0.976024755135236
      ],
      "deltas": [
        0.0013252924178723813,
        0.0021834277183527817,
        0.002054433037441239,
        -0.0003500349653569046,
        -5.023023611872013e-05,
        -0.00167877469613964,
        0.002092161518838842,
        0.0015051122649750726,
        -8.013651063476512e-05,
        0.001076434257598069
      ]
    },
    {
      "metric": "f1",
      "baseline_mean": 0.9314507380781967,
      "pu_mean": 0.9344101210062812,
      "mean_delta": 0.00295938292808452,
      "pu_wins": 7,
      "pu_losses": 3,
      "ties": 0,
      "paired_ttest_statistic": 2.4290878465635357,
      "paired_ttest_p": 0.03803942220619692,
      "baseline_values": [
        0.9320975978815964,
        0.9373326191751473,
        0.9358239319400776,
        0.9342611243362021,
        0.926911544227886,
        0.9314393939393939,
        0.93033381712627,
        0.9296085278441463,
        0.9328944962515999,
        0.9238043280596472
      ],
      "pu_values": [
        0.9323644494130799,
        0.9424139775361027,
        0.9382805429864254,
        0.9363913277190468,
        0.9260935143288085,
        0.9308738587665363,
        0.9294755877034359,
        0.9344501092498179,
        0.9387755102040817,
        0.934982332155477
      ],
      "deltas": [
        0.00026685153148353624,
        0.005081358360955357,
        0.0024566110463477564,
        0.002130203382844642,
        -0.0008180298990775325,
        -0.000565535172857623,
        -0.0008582294228340892,
        0.004841581405671591,
        0.005881013952481751,
        0.011178004095829808
      ]
    },
    {
      "metric": "mcc",
      "baseline_mean": 0.8625197168723113,
      "pu_mean": 0.8674101509297929,
      "mean_delta": 0.00489043405748153,
      "pu_wins": 6,
      "pu_losses": 4,
      "ties": 0,
      "paired_ttest_statistic": 2.1226298505601116,
      "paired_ttest_p": 0.06276881595103889,
      "baseline_values": [
        0.8673626071914452,
        0.8702093906289405,
        0.8717977071537156,
        0.8673465069466161,
        0.8558484184580644,
        0.8661866992195644,
        0.8584510110510393,
        0.8584693352854296,
        0.8643788155907475,
        0.845146677197551
      ],
      "pu_values": [
        0.866711423807518,
        0.8805890903480836,
        0.8746861853499652,
        0.8695829010588535,
        0.8551287159233547,
        0.8637003829463132,
        0.856416553012801,
        0.8671944563890189,
        0.8751189911426903,
        0.8649728093193303
      ],
      "deltas": [
        -0.000651183383927223,
        0.010379699719143098,
        0.0028884781962495998,
        0.0022363941122374165,
        -0.0007197025347096542,
        -0.0024863162732511324,
        -0.002034458038238318,
        0.008725121103589362,
        0.010740175551942843,
        0.019826132121779305
      ]
    }
  ],
  "interpretation": "Use paired fold-level statistics to describe PU-XMSAT full-positive hybrid seed=1337 u0.4 rn0.8 relative to reproduced MSAT baseline. Small non-significant mean deltas should be reported cautiously, not as definitive superiority."
}
