{
  "fold_count": 10,
  "metrics": [
    {
      "metric": "auc",
      "baseline_mean": 0.9792712054370039,
      "pu_mean": 0.9796167808826746,
      "mean_delta": 0.0003455754456708093,
      "pu_wins": 7,
      "pu_losses": 3,
      "ties": 0,
      "paired_ttest_statistic": 1.0429056837515234,
      "paired_ttest_p": 0.32419485216397703,
      "baseline_values": [
        0.9804081675038415,
        0.9797601307970053,
        0.9818687325395734,
        0.9794099713672975,
        0.9782529618202074,
        0.9790277596482873,
        0.977995819913208,
        0.9783331139144529,
        0.9803932949797024,
        0.9772621018864625
      ],
      "pu_values": [
        0.9808242271606477,
        0.9809208367138865,
        0.9819726213956983,
        0.9787593460406537,
        0.9764910728774692,
        0.9792575238904924,
        0.9793694252763052,
        0.9796213576693453,
        0.9801529246783272,
        0.9787984731239208
      ],
      "deltas": [
        0.00041605965680613366,
        0.0011607059168812217,
        0.00010388885612488963,
        -0.0006506253266437279,
        -0.00176188894273821,
        0.0002297642422051105,
        0.0013736053630971634,
        0.0012882437548924486,
        -0.00024037030137524784,
        0.0015363712374583116
      ]
    },
    {
      "metric": "auprc",
      "baseline_mean": 0.9770945900180382,
      "pu_mean": 0.9772731373175738,
      "mean_delta": 0.0001785472995356252,
      "pu_wins": 6,
      "pu_losses": 4,
      "ties": 0,
      "paired_ttest_statistic": 0.40443076191374305,
      "paired_ttest_p": 0.6953385690339944,
      "baseline_values": [
        0.9776681310890813,
        0.9786205824253108,
        0.9798452253604816,
        0.9781807766895324,
        0.9758939763561664,
        0.9752466735304411,
        0.9761182033494089,
        0.9758530475656131,
        0.9785709629367088,
        0.9749483208776379
      ],
      "pu_values": [
        0.9779234580396995,
        0.979365906741509,
        0.9804554226686195,
        0.9771492398705446,
        0.9737008087264573,
        0.9746826292683379,
        0.9781548373317716,
        0.9772931188224224,
        0.9773421040792678,
        0.976663847627109
      ],
      "deltas": [
        0.0002553269506181399,
        0.0007453243161982259,
        0.0006101973081379386,
        -0.0010315368189878216,
        -0.002193167629709114,
        -0.0005640442621032138,
        0.0020366339823626456,
        0.0014400712568093388,
        -0.001228858857440951,
        0.0017155267494710635
      ]
    },
    {
      "metric": "f1",
      "baseline_mean": 0.9314507380781967,
      "pu_mean": 0.9321202083904961,
      "mean_delta": 0.0006694703122995027,
      "pu_wins": 5,
      "pu_losses": 5,
      "ties": 0,
      "paired_ttest_statistic": 0.5975026519128805,
      "paired_ttest_p": 0.5649003364956438,
      "baseline_values": [
        0.9320975978815964,
        0.9373326191751473,
        0.9358239319400776,
        0.9342611243362021,
        0.926911544227886,
        0.9314393939393939,
        0.93033381712627,
        0.9296085278441463,
        0.9328944962515999,
        0.9238043280596472
      ],
      "pu_values": [
        0.9302589302589303,
        0.9387684301821335,
        0.9361161524500907,
        0.9319164265129684,
        0.9245491350754509,
        0.9284765699108328,
        0.9295067264573991,
        0.9340778097982709,
        0.9357864357864358,
        0.9317454674724494
      ],
      "deltas": [
        -0.001838667622666157,
        0.0014358110069861985,
        0.000292220510013097,
        -0.0023446978232337656,
        -0.00236240915243513,
        -0.002962824028561073,
        -0.0008270906688708779,
        0.00446928195412466,
        0.002891939534835908,
        0.007941139412802167
      ]
    },
    {
      "metric": "mcc",
      "baseline_mean": 0.8625197168723113,
      "pu_mean": 0.8625085452409417,
      "mean_delta": -1.117163136967747e-05,
      "pu_wins": 4,
      "pu_losses": 6,
      "ties": 0,
      "paired_ttest_statistic": -0.005329641650899185,
      "paired_ttest_p": 0.9958638477323285,
      "baseline_values": [
        0.8673626071914452,
        0.8702093906289405,
        0.8717977071537156,
        0.8673465069466161,
        0.8558484184580644,
        0.8661866992195644,
        0.8584510110510393,
        0.8584693352854296,
        0.8643788155907475,
        0.845146677197551
      ],
      "pu_values": [
        0.8636891029354901,
        0.8714180148221358,
        0.8704415991799197,
        0.8607364802908678,
        0.8491391976544133,
        0.8606037224140171,
        0.855933328695497,
        0.8656350935608595,
        0.8689028799815278,
        0.8585860328746887
      ],
      "deltas": [
        -0.00367350425595514,
        0.001208624193195229,
        -0.001356107973795928,
        -0.00661002665574828,
        -0.006709220803651106,
        -0.005582976805547313,
        -0.0025176823555422834,
        0.007165758275429979,
        0.004524064390780347,
        0.013439355677137721
      ]
    }
  ],
  "interpretation": "Use paired fold-level statistics to describe PU-XMSAT relative to the reproduced MSAT baseline. Small non-significant mean deltas should be reported as baseline-level performance, not definitive superiority."
}
