{
  "fold_count": 10,
  "baseline_label": "reproduced MSAT baseline",
  "pu_label": "PU-XMSAT full-positive hybrid seed=1337 u0.1 rn0.8",
  "metrics": [
    {
      "metric": "auc",
      "baseline_mean": 0.9792712054370039,
      "pu_mean": 0.9799316897447123,
      "mean_delta": 0.0006604843077084865,
      "pu_wins": 8,
      "pu_losses": 2,
      "ties": 0,
      "paired_ttest_statistic": 2.6758673782913993,
      "paired_ttest_p": 0.025377309611048136,
      "baseline_values": [
        0.9804081675038415,
        0.9797601307970053,
        0.9818687325395734,
        0.9794099713672975,
        0.9782529618202074,
        0.9790277596482873,
        0.977995819913208,
        0.9783331139144529,
        0.9803932949797024,
        0.9772621018864625
      ],
      "pu_values": [
        0.9808357046684216,
        0.9815315907396028,
        0.9828730824929395,
        0.9797605076229178,
        0.9779705487187528,
        0.9782665716263714,
        0.9791178662110016,
        0.9797564231918291,
        0.9808148990253531,
        0.9783897031499332
      ],
      "deltas": [
        0.00042753716458010516,
        0.0017714599425975308,
        0.0010043499533660682,
        0.0003505362556203151,
        -0.00028241310145460385,
        -0.0007611880219158262,
        0.0011220462977935552,
        0.0014233092773762168,
        0.0004216040456507253,
        0.0011276012634707788
      ]
    },
    {
      "metric": "auprc",
      "baseline_mean": 0.9770945900180382,
      "pu_mean": 0.9773675327056562,
      "mean_delta": 0.0002729426876180163,
      "pu_wins": 6,
      "pu_losses": 4,
      "ties": 0,
      "paired_ttest_statistic": 0.6704113929301401,
      "paired_ttest_p": 0.5194261833140559,
      "baseline_values": [
        0.9776681310890813,
        0.9786205824253108,
        0.9798452253604816,
        0.9781807766895324,
        0.9758939763561664,
        0.9752466735304411,
        0.9761182033494089,
        0.9758530475656131,
        0.9785709629367088,
        0.9749483208776379
      ],
      "pu_values": [
        0.9781700558565373,
        0.980557328687708,
        0.9813892505910251,
        0.9777926914469568,
        0.9747559355339347,
        0.9730738412111524,
        0.9776707973526162,
        0.9765713521349625,
        0.9783693571403863,
        0.9753247171012833
      ],
      "deltas": [
        0.0005019247674559191,
        0.0019367462623971488,
        0.0015440252305435331,
        -0.0003880852425756087,
        -0.0011380408222316785,
        -0.0021728323192887755,
        0.001552594003207286,
        0.0007183045693494039,
        -0.00020160579632244602,
        0.00037639622364538106
      ]
    },
    {
      "metric": "f1",
      "baseline_mean": 0.9314507380781967,
      "pu_mean": 0.9339563444390204,
      "mean_delta": 0.002505606360823709,
      "pu_wins": 8,
      "pu_losses": 2,
      "ties": 0,
      "paired_ttest_statistic": 2.646817098264524,
      "paired_ttest_p": 0.026614691639046333,
      "baseline_values": [
        0.9320975978815964,
        0.9373326191751473,
        0.9358239319400776,
        0.9342611243362021,
        0.926911544227886,
        0.9314393939393939,
        0.93033381712627,
        0.9296085278441463,
        0.9328944962515999,
        0.9238043280596472
      ],
      "pu_values": [
        0.9321712769988632,
        0.9410092395167022,
        0.9400110071546505,
        0.9337175792507204,
        0.9282242990654206,
        0.9309827456864216,
        0.9313671946113236,
        0.932711286560201,
        0.9361317170255111,
        0.9332370985203897
      ],
      "deltas": [
        7.367911726674503e-05,
        0.003676620341554915,
        0.004187075214572844,
        -0.0005435450854817114,
        0.0013127548375345688,
        -0.0004566482529723137,
        0.0010333774850536104,
        0.0031027587160546988,
        0.003237220773911198,
        0.009432770460742534
      ]
    },
    {
      "metric": "mcc",
      "baseline_mean": 0.8625197168723113,
      "pu_mean": 0.866775300589529,
      "mean_delta": 0.004255583717217659,
      "pu_wins": 8,
      "pu_losses": 2,
      "ties": 0,
      "paired_ttest_statistic": 2.2500020651103134,
      "paired_ttest_p": 0.0510030886218773,
      "baseline_values": [
        0.8673626071914452,
        0.8702093906289405,
        0.8717977071537156,
        0.8673465069466161,
        0.8558484184580644,
        0.8661866992195644,
        0.8584510110510393,
        0.8584693352854296,
        0.8643788155907475,
        0.845146677197551
      ],
      "pu_values": [
        0.8676866608196209,
        0.8773400638959278,
        0.8792436494508861,
        0.8644347064343635,
        0.8580950592532677,
        0.8643636152815897,
        0.8608852661168408,
        0.8626356531741854,
        0.8698496336109758,
        0.8632186978576325
      ],
      "deltas": [
        0.00032405362817566896,
        0.007130673266987242,
        0.007445942297170438,
        -0.0029118005122525936,
        0.002246640795203314,
        -0.001823083937974701,
        0.002434255065801527,
        0.004166317888755877,
        0.005470818020228307,
        0.01807202066008151
      ]
    }
  ],
  "interpretation": "Use paired fold-level statistics to describe PU-XMSAT full-positive hybrid seed=1337 u0.1 rn0.8 relative to reproduced MSAT baseline. Small non-significant mean deltas should be reported cautiously, not as definitive superiority."
}
