{
  "fold_count": 10,
  "baseline_label": "PU-XMSAT full-positive random seed=2026",
  "pu_label": "PU-XMSAT full-positive hybrid seed=2026",
  "metrics": [
    {
      "metric": "auc",
      "baseline_mean": 0.979731906784434,
      "pu_mean": 0.9804203731594349,
      "mean_delta": 0.0006884663750008957,
      "pu_wins": 9,
      "pu_losses": 1,
      "ties": 0,
      "paired_ttest_statistic": 3.412941715092734,
      "paired_ttest_p": 0.007713611242138205,
      "baseline_values": [
        0.9807257118855878,
        0.9816470464782446,
        0.9833788751498949,
        0.9789493933504194,
        0.9762942374340854,
        0.9796802846288268,
        0.9786430177473419,
        0.9792097424168017,
        0.9798749965173622,
        0.9789157622357749
      ],
      "pu_values": [
        0.9813960529943861,
        0.982132917018613,
        0.9834452220409287,
        0.9799875540856622,
        0.9781253124643141,
        0.9800928624783783,
        0.9791871064097579,
        0.9800210232421952,
        0.9812907912498654,
        0.9785248896102475
      ],
      "deltas": [
        0.0006703411087983779,
        0.00048587054036841604,
        6.63468910337972e-05,
        0.0010381607352427658,
        0.0018310750302287238,
        0.0004125778495515098,
        0.0005440886624160646,
        0.0008112808253935011,
        0.001415794732503195,
        -0.0003908726255273942
      ]
    },
    {
      "metric": "auprc",
      "baseline_mean": 0.9776621033163213,
      "pu_mean": 0.9779286270388552,
      "mean_delta": 0.00026652372253388457,
      "pu_wins": 5,
      "pu_losses": 5,
      "ties": 0,
      "paired_ttest_statistic": 0.677777475953433,
      "paired_ttest_p": 0.5149575071015595,
      "baseline_values": [
        0.9778470278162089,
        0.9802576495623997,
        0.9825386004747558,
        0.9774578326830732,
        0.9732173204296904,
        0.9760514465522606,
        0.9775127369439718,
        0.9772801407761161,
        0.9771164507139358,
        0.9773418272108011
      ],
      "pu_values": [
        0.9785002031427722,
        0.980024500550714,
        0.9819199207525757,
        0.9784204345285729,
        0.9758170842442776,
        0.9759190692272566,
        0.9775971401674166,
        0.9763661367654222,
        0.978858057058841,
        0.9758637239507036
      ],
      "deltas": [
        0.0006531753265632823,
        -0.00023314901168569602,
        -0.0006186797221801044,
        0.0009626018454996776,
        0.0025997638145871527,
        -0.00013237732500404054,
        8.440322344482887e-05,
        -0.0009140040106939695,
        0.0017416063449051666,
        -0.001478103260097452
      ]
    },
    {
      "metric": "f1",
      "baseline_mean": 0.9337760655376354,
      "pu_mean": 0.9350642142036277,
      "mean_delta": 0.0012881486659923724,
      "pu_wins": 8,
      "pu_losses": 2,
      "ties": 0,
      "paired_ttest_statistic": 2.6387465917154693,
      "paired_ttest_p": 0.026969137340408008,
      "baseline_values": [
        0.9312948282370705,
        0.9401981599433828,
        0.9419284149013879,
        0.9315561959654178,
        0.9280562234140929,
        0.9306369306369306,
        0.9310656775827755,
        0.9355246523388117,
        0.9354781054512958,
        0.9320214669051878
      ],
      "pu_values": [
        0.9333829549683662,
        0.9418873289497067,
        0.9420636380356815,
        0.9351719197707736,
        0.9309715120525931,
        0.9312347760914371,
        0.930298719772404,
        0.9345151953690304,
        0.9366812227074236,
        0.934434874318861
      ],
      "deltas": [
        0.0020881267312956586,
        0.0016891690063238762,
        0.0001352231342935939,
        0.003615723805355797,
        0.002915288638500213,
        0.0005978454545064738,
        -0.0007669578103715047,
        -0.001009456969781275,
        0.0012031172561277614,
        0.00241340741367313
      ]
    },
    {
      "metric": "mcc",
      "baseline_mean": 0.8660513636765597,
      "pu_mean": 0.8684089438114027,
      "mean_delta": 0.002357580134842929,
      "pu_wins": 8,
      "pu_losses": 2,
      "ties": 0,
      "paired_ttest_statistic": 2.443445449779999,
      "paired_ttest_p": 0.03715405973410021,
      "baseline_values": [
        0.8655830732904437,
        0.875282685472917,
        0.8827053728261957,
        0.8599968350621687,
        0.8566018128553666,
        0.8643948593538061,
        0.8597116996751817,
        0.8687593554149791,
        0.8677469214313678,
        0.8597310213831705
      ],
      "pu_values": [
        0.8686683131222145,
        0.8791852140747488,
        0.8836344433452986,
        0.8670336460816,
        0.8616091858142029,
        0.8647881746061709,
        0.8572585634228178,
        0.8667996423294992,
        0.8714896671081446,
        0.8636225882093288
      ],
      "deltas": [
        0.0030852398317707808,
        0.003902528601831823,
        0.0009290705191029591,
        0.007036811019431322,
        0.0050073729588362426,
        0.0003933152523647454,
        -0.0024531362523638744,
        -0.0019597130854798195,
        0.003742745676776793,
        0.0038915668261583214
      ]
    }
  ],
  "interpretation": "Use paired fold-level statistics to describe PU-XMSAT full-positive hybrid seed=2026 relative to PU-XMSAT full-positive random seed=2026. Small non-significant mean deltas should be reported cautiously, not as definitive superiority."
}
