{
  "fold_count": 10,
  "baseline_label": "reproduced MSAT baseline",
  "pu_label": "PU-XMSAT full-positive hybrid seed=2026",
  "metrics": [
    {
      "metric": "auc",
      "baseline_mean": 0.9792712054370039,
      "pu_mean": 0.9804203731594349,
      "mean_delta": 0.0011491677224310438,
      "pu_wins": 9,
      "pu_losses": 1,
      "ties": 0,
      "paired_ttest_statistic": 5.425163978893907,
      "paired_ttest_p": 0.00041900580220020564,
      "baseline_values": [
        0.9804081675038415,
        0.9797601307970053,
        0.9818687325395734,
        0.9794099713672975,
        0.9782529618202074,
        0.9790277596482873,
        0.977995819913208,
        0.9783331139144529,
        0.9803932949797024,
        0.9772621018864625
      ],
      "pu_values": [
        0.9813960529943861,
        0.982132917018613,
        0.9834452220409287,
        0.9799875540856622,
        0.9781253124643141,
        0.9800928624783783,
        0.9791871064097579,
        0.9800210232421952,
        0.9812907912498654,
        0.9785248896102475
      ],
      "deltas": [
        0.0009878854905446266,
        0.0023727862216077478,
        0.0015764895013552493,
        0.000577582718364722,
        -0.00012764935589326676,
        0.0010651028300910914,
        0.0011912864965498704,
        0.0016879093277423207,
        0.0008974962701630007,
        0.0012627877237850749
      ]
    },
    {
      "metric": "auprc",
      "baseline_mean": 0.9770945900180382,
      "pu_mean": 0.9779286270388552,
      "mean_delta": 0.0008340370208170022,
      "pu_wins": 9,
      "pu_losses": 1,
      "ties": 0,
      "paired_ttest_statistic": 4.00767460755601,
      "paired_ttest_p": 0.0030746346389263755,
      "baseline_values": [
        0.9776681310890813,
        0.9786205824253108,
        0.9798452253604816,
        0.9781807766895324,
        0.9758939763561664,
        0.9752466735304411,
        0.9761182033494089,
        0.9758530475656131,
        0.9785709629367088,
        0.9749483208776379
      ],
      "pu_values": [
        0.9785002031427722,
        0.980024500550714,
        0.9819199207525757,
        0.9784204345285729,
        0.9758170842442776,
        0.9759190692272566,
        0.9775971401674166,
        0.9763661367654222,
        0.978858057058841,
        0.9758637239507036
      ],
      "deltas": [
        0.0008320720536908466,
        0.0014039181254031918,
        0.00207469539209415,
        0.00023965783904045246,
        -7.68921118887711e-05,
        0.000672395696815431,
        0.0014789368180077034,
        0.0005130891998090803,
        0.0002870941221322365,
        0.0009154030730657015
      ]
    },
    {
      "metric": "f1",
      "baseline_mean": 0.9314507380781967,
      "pu_mean": 0.9350642142036277,
      "mean_delta": 0.0036134761254310475,
      "pu_wins": 8,
      "pu_losses": 2,
      "ties": 0,
      "paired_ttest_statistic": 3.4359813929317795,
      "paired_ttest_p": 0.007437590993523689,
      "baseline_values": [
        0.9320975978815964,
        0.9373326191751473,
        0.9358239319400776,
        0.9342611243362021,
        0.926911544227886,
        0.9314393939393939,
        0.93033381712627,
        0.9296085278441463,
        0.9328944962515999,
        0.9238043280596472
      ],
      "pu_values": [
        0.9333829549683662,
        0.9418873289497067,
        0.9420636380356815,
        0.9351719197707736,
        0.9309715120525931,
        0.9312347760914371,
        0.930298719772404,
        0.9345151953690304,
        0.9366812227074236,
        0.934434874318861
      ],
      "deltas": [
        0.0012853570867698005,
        0.004554709774559407,
        0.00623970609560387,
        0.0009107954345715097,
        0.004059967824707078,
        -0.0002046178479567784,
        -3.509735386597601e-05,
        0.004906667524884112,
        0.0037867264558236746,
        0.01063054625921378
      ]
    },
    {
      "metric": "mcc",
      "baseline_mean": 0.8625197168723113,
      "pu_mean": 0.8684089438114027,
      "mean_delta": 0.005889226939091263,
      "pu_wins": 7,
      "pu_losses": 3,
      "ties": 0,
      "paired_ttest_statistic": 2.8907983045695484,
      "paired_ttest_p": 0.017861029588544006,
      "baseline_values": [
        0.8673626071914452,
        0.8702093906289405,
        0.8717977071537156,
        0.8673465069466161,
        0.8558484184580644,
        0.8661866992195644,
        0.8584510110510393,
        0.8584693352854296,
        0.8643788155907475,
        0.845146677197551
      ],
      "pu_values": [
        0.8686683131222145,
        0.8791852140747488,
        0.8836344433452986,
        0.8670336460816,
        0.8616091858142029,
        0.8647881746061709,
        0.8572585634228178,
        0.8667996423294992,
        0.8714896671081446,
        0.8636225882093288
      ],
      "deltas": [
        0.0013057059307692853,
        0.008975823445808273,
        0.011836736191582986,
        -0.00031286086501602917,
        0.0057607673561385075,
        -0.0013985246133935147,
        -0.0011924476282214602,
        0.008330307044069674,
        0.007110851517397099,
        0.018475911011777812
      ]
    }
  ],
  "interpretation": "Use paired fold-level statistics to describe PU-XMSAT full-positive hybrid seed=2026 relative to reproduced MSAT baseline. Small non-significant mean deltas should be reported cautiously, not as definitive superiority."
}
