{
  "fold_count": 10,
  "baseline_label": "reproduced MSAT baseline",
  "pu_label": "PU-XMSAT full-positive hybrid seed=1337",
  "metrics": [
    {
      "metric": "auc",
      "baseline_mean": 0.9792712054370039,
      "pu_mean": 0.9803921801571366,
      "mean_delta": 0.0011209747201327835,
      "pu_wins": 9,
      "pu_losses": 1,
      "ties": 0,
      "paired_ttest_statistic": 4.4604506100563395,
      "paired_ttest_p": 0.0015762301162171512,
      "baseline_values": [
        0.9804081675038415,
        0.9797601307970053,
        0.9818687325395734,
        0.9794099713672975,
        0.9782529618202074,
        0.9790277596482873,
        0.977995819913208,
        0.9783331139144529,
        0.9803932949797024,
        0.9772621018864625
      ],
      "pu_values": [
        0.9818972375005159,
        0.9818494014473914,
        0.9831290504367427,
        0.980129679983267,
        0.9781305031283312,
        0.9791114096876861,
        0.9799089388960025,
        0.9797535552687024,
        0.9808351119825142,
        0.9791769132402125
      ],
      "deltas": [
        0.0014890699966744192,
        0.0020892706503861103,
        0.001260317897169294,
        0.0007197086159695942,
        -0.00012245869187621494,
        8.365003939880822e-05,
        0.0019131189827944484,
        0.0014204413542495686,
        0.00044181700281176184,
        0.0019148113537500455
      ]
    },
    {
      "metric": "auprc",
      "baseline_mean": 0.9770945900180382,
      "pu_mean": 0.977982962282678,
      "mean_delta": 0.0008883722646397474,
      "pu_wins": 6,
      "pu_losses": 4,
      "ties": 0,
      "paired_ttest_statistic": 2.188939949437525,
      "paired_ttest_p": 0.05634753071848119,
      "baseline_values": [
        0.9776681310890813,
        0.9786205824253108,
        0.9798452253604816,
        0.9781807766895324,
        0.9758939763561664,
        0.9752466735304411,
        0.9761182033494089,
        0.9758530475656131,
        0.9785709629367088,
        0.9749483208776379
      ],
      "pu_values": [
        0.9795020226196648,
        0.9810488347286961,
        0.9819457010150165,
        0.9781151122404329,
        0.9754170350055713,
        0.9745063622984824,
        0.978428451065211,
        0.976195278778934,
        0.9781105794528493,
        0.9765602456219215
      ],
      "deltas": [
        0.0018338915305834425,
        0.002428252303385281,
        0.0021004756545349723,
        -6.566444909950064e-05,
        -0.0004769413505950615,
        -0.0007403112319587235,
        0.0023102477158021273,
        0.00034223121332088713,
        -0.00046038348385946115,
        0.0016119247442835105
      ]
    },
    {
      "metric": "f1",
      "baseline_mean": 0.9314507380781967,
      "pu_mean": 0.9347671651403737,
      "mean_delta": 0.0033164270621769965,
      "pu_wins": 9,
      "pu_losses": 1,
      "ties": 0,
      "paired_ttest_statistic": 3.337256393799115,
      "paired_ttest_p": 0.008698055211343548,
      "baseline_values": [
        0.9320975978815964,
        0.9373326191751473,
        0.9358239319400776,
        0.9342611243362021,
        0.926911544227886,
        0.9314393939393939,
        0.93033381712627,
        0.9296085278441463,
        0.9328944962515999,
        0.9238043280596472
      ],
      "pu_values": [
        0.9326307866014302,
        0.9395711500974658,
        0.9403095062638173,
        0.9350415012630819,
        0.9309519425520162,
        0.9300302571860817,
        0.9335766423357664,
        0.9337903662276745,
        0.9378837125315999,
        0.9338857863448028
      ],
      "deltas": [
        0.0005331887198337659,
        0.0022385309223185157,
        0.004485574323739638,
        0.0007803769268798222,
        0.004040398324130168,
        -0.0014091367533122234,
        0.0032428252094964805,
        0.004181838383528258,
        0.004989216279999931,
        0.010081458285155609
      ]
    },
    {
      "metric": "mcc",
      "baseline_mean": 0.8625197168723113,
      "pu_mean": 0.8683307285560508,
      "mean_delta": 0.005811011683739431,
      "pu_wins": 8,
      "pu_losses": 2,
      "ties": 0,
      "paired_ttest_statistic": 2.987744938036519,
      "paired_ttest_p": 0.015256631961024619,
      "baseline_values": [
        0.8673626071914452,
        0.8702093906289405,
        0.8717977071537156,
        0.8673465069466161,
        0.8558484184580644,
        0.8661866992195644,
        0.8584510110510393,
        0.8584693352854296,
        0.8643788155907475,
        0.845146677197551
      ],
      "pu_values": [
        0.8679268001317795,
        0.8741026949496903,
        0.88029369316351,
        0.8672994499972905,
        0.8620404556437622,
        0.8632686105081726,
        0.8656096677947066,
        0.8651390581140973,
        0.8732796699002554,
        0.8643471853572434
      ],
      "deltas": [
        0.0005641929403342738,
        0.0038933043207497464,
        0.008495986009794398,
        -4.705694932560789e-05,
        0.00619203718569783,
        -0.002918088711391764,
        0.007158656743667335,
        0.006669722828667735,
        0.008900854309507933,
        0.01920050815969243
      ]
    }
  ],
  "interpretation": "Use paired fold-level statistics to describe PU-XMSAT full-positive hybrid seed=1337 relative to reproduced MSAT baseline. Small non-significant mean deltas should be reported cautiously, not as definitive superiority."
}
