{
  "fold_count": 10,
  "metrics": [
    {
      "metric": "auc",
      "baseline_mean": 0.9792712054370039,
      "pu_mean": 0.979731906784434,
      "mean_delta": 0.000460701347430148,
      "pu_wins": 7,
      "pu_losses": 3,
      "ties": 0,
      "paired_ttest_statistic": 1.2369611047624927,
      "paired_ttest_p": 0.24740429376490927,
      "baseline_values": [
        0.9804081675038415,
        0.9797601307970053,
        0.9818687325395734,
        0.9794099713672975,
        0.9782529618202074,
        0.9790277596482873,
        0.977995819913208,
        0.9783331139144529,
        0.9803932949797024,
        0.9772621018864625
      ],
      "pu_values": [
        0.9807257118855878,
        0.9816470464782446,
        0.9833788751498949,
        0.9789493933504194,
        0.9762942374340854,
        0.9796802846288268,
        0.9786430177473419,
        0.9792097424168017,
        0.9798749965173622,
        0.9789157622357749
      ],
      "deltas": [
        0.00031754438174624866,
        0.0018869156812393317,
        0.0015101426103214521,
        -0.0004605780168780438,
        -0.0019587243861219905,
        0.0006525249805395816,
        0.0006471978341338058,
        0.0008766285023488196,
        -0.0005182984623401943,
        0.001653660349312469
      ]
    },
    {
      "metric": "auprc",
      "baseline_mean": 0.9770945900180382,
      "pu_mean": 0.9776621033163213,
      "mean_delta": 0.0005675132982831177,
      "pu_wins": 7,
      "pu_losses": 3,
      "ties": 0,
      "paired_ttest_statistic": 1.0379384284329727,
      "paired_ttest_p": 0.32637956079703767,
      "baseline_values": [
        0.9776681310890813,
        0.9786205824253108,
        0.9798452253604816,
        0.9781807766895324,
        0.9758939763561664,
        0.9752466735304411,
        0.9761182033494089,
        0.9758530475656131,
        0.9785709629367088,
        0.9749483208776379
      ],
      "pu_values": [
        0.9778470278162089,
        0.9802576495623997,
        0.9825386004747558,
        0.9774578326830732,
        0.9732173204296904,
        0.9760514465522606,
        0.9775127369439718,
        0.9772801407761161,
        0.9771164507139358,
        0.9773418272108011
      ],
      "deltas": [
        0.00017889672712756433,
        0.0016370671370888878,
        0.0026933751142742546,
        -0.0007229440064592252,
        -0.0026766559264759238,
        0.0008047730218194715,
        0.0013945335945628745,
        0.0014270932105030498,
        -0.0014545122227729301,
        0.0023935063331631534
      ]
    },
    {
      "metric": "f1",
      "baseline_mean": 0.9314507380781967,
      "pu_mean": 0.9337760655376354,
      "mean_delta": 0.0023253274594386753,
      "pu_wins": 7,
      "pu_losses": 3,
      "ties": 0,
      "paired_ttest_statistic": 2.0933475791859153,
      "paired_ttest_p": 0.06582494560874948,
      "baseline_values": [
        0.9320975978815964,
        0.9373326191751473,
        0.9358239319400776,
        0.9342611243362021,
        0.926911544227886,
        0.9314393939393939,
        0.93033381712627,
        0.9296085278441463,
        0.9328944962515999,
        0.9238043280596472
      ],
      "pu_values": [
        0.9312948282370705,
        0.9401981599433828,
        0.9419284149013879,
        0.9315561959654178,
        0.9280562234140929,
        0.9306369306369306,
        0.9310656775827755,
        0.9355246523388117,
        0.9354781054512958,
        0.9320214669051878
      ],
      "deltas": [
        -0.0008027696445258581,
        0.0028655407682355305,
        0.006104482961310276,
        -0.0027049283707842875,
        0.001144679186206865,
        -0.0008024633024632521,
        0.0007318604565055287,
        0.005916124494665387,
        0.002583609199695913,
        0.00821713884554065
      ]
    },
    {
      "metric": "mcc",
      "baseline_mean": 0.8625197168723113,
      "pu_mean": 0.8660513636765597,
      "mean_delta": 0.003531646804248334,
      "pu_wins": 7,
      "pu_losses": 3,
      "ties": 0,
      "paired_ttest_statistic": 1.6496819901800377,
      "paired_ttest_p": 0.1334068216146411,
      "baseline_values": [
        0.8673626071914452,
        0.8702093906289405,
        0.8717977071537156,
        0.8673465069466161,
        0.8558484184580644,
        0.8661866992195644,
        0.8584510110510393,
        0.8584693352854296,
        0.8643788155907475,
        0.845146677197551
      ],
      "pu_values": [
        0.8655830732904437,
        0.875282685472917,
        0.8827053728261957,
        0.8599968350621687,
        0.8566018128553666,
        0.8643948593538061,
        0.8597116996751817,
        0.8687593554149791,
        0.8677469214313678,
        0.8597310213831705
      ],
      "deltas": [
        -0.0017795339010014954,
        0.00507329484397645,
        0.010907665672480027,
        -0.007349671884447351,
        0.000753394397302265,
        -0.0017918398657582602,
        0.0012606886241424142,
        0.010290020129549493,
        0.0033681058406203057,
        0.014584344185619491
      ]
    }
  ],
  "interpretation": "Use paired fold-level statistics to describe PU-XMSAT relative to the reproduced MSAT baseline. Small non-significant mean deltas should be reported as baseline-level performance, not definitive superiority."
}
