{
  "fold_count": 10,
  "baseline_label": "PU-XMSAT full-positive hybrid seed=1337 u0.2 rn0.8",
  "pu_label": "PU-XMSAT full-positive hybrid seed=1337 u0.4 rn0.8",
  "metrics": [
    {
      "metric": "auc",
      "baseline_mean": 0.9803921801571366,
      "pu_mean": 0.9804736885680548,
      "mean_delta": 8.150841091825178e-05,
      "pu_wins": 6,
      "pu_losses": 4,
      "ties": 0,
      "paired_ttest_statistic": 0.7448710695143393,
      "paired_ttest_p": 0.4753499148854492,
      "baseline_values": [
        0.9818972375005159,
        0.9818494014473914,
        0.9831290504367427,
        0.980129679983267,
        0.9781305031283312,
        0.9791114096876861,
        0.9799089388960025,
        0.9797535552687024,
        0.9808351119825142,
        0.9791769132402125
      ],
      "pu_values": [
        0.9815087785171661,
        0.9821325071165825,
        0.9832983305702445,
        0.9799891924245395,
        0.9783870312079113,
        0.9791810497123162,
        0.9797333801672036,
        0.9804541479181883,
        0.9812238016857606,
        0.9788286663606358
      ],
      "deltas": [
        -0.0003884589833498264,
        0.00028310566919109714,
        0.0001692801335018146,
        -0.00014048755872753116,
        0.0002565280795800984,
        6.964002463016872e-05,
        -0.0001755587287989302,
        0.0007005926494858539,
        0.0003886897032464587,
        -0.00034824687957668576
      ]
    },
    {
      "metric": "auprc",
      "baseline_mean": 0.977982962282678,
      "pu_mean": 0.9779023584987211,
      "mean_delta": -8.060378395691181e-05,
      "pu_wins": 3,
      "pu_losses": 7,
      "ties": 0,
      "paired_ttest_statistic": -0.42543573372103427,
      "paired_ttest_p": 0.680511055908551,
      "baseline_values": [
        0.9795020226196648,
        0.9810488347286961,
        0.9819457010150165,
        0.9781151122404329,
        0.9754170350055713,
        0.9745063622984824,
        0.978428451065211,
        0.976195278778934,
        0.9781105794528493,
        0.9765602456219215
      ],
      "pu_values": [
        0.9789934235069537,
        0.9808040101436636,
        0.9818996583979228,
        0.9778307417241755,
        0.9758437461200477,
        0.9735678988343015,
        0.9782103648682478,
        0.9773581598305882,
        0.978490826426074,
        0.976024755135236
      ],
      "deltas": [
        -0.0005085991127110612,
        -0.00024482458503249926,
        -4.604261709373336e-05,
        -0.00028437051625740395,
        0.00042671111447634136,
        -0.0009384634641809164,
        -0.00021808619696328524,
        0.0011628810516541854,
        0.00038024697322469603,
        -0.0005354904866854415
      ]
    },
    {
      "metric": "f1",
      "baseline_mean": 0.9347671651403737,
      "pu_mean": 0.9344101210062812,
      "mean_delta": -0.0003570441340924768,
      "pu_wins": 6,
      "pu_losses": 4,
      "ties": 0,
      "paired_ttest_statistic": -0.4510915510293347,
      "paired_ttest_p": 0.6625958548792121,
      "baseline_values": [
        0.9326307866014302,
        0.9395711500974658,
        0.9403095062638173,
        0.9350415012630819,
        0.9309519425520162,
        0.9300302571860817,
        0.9335766423357664,
        0.9337903662276745,
        0.9378837125315999,
        0.9338857863448028
      ],
      "pu_values": [
        0.9323644494130799,
        0.9424139775361027,
        0.9382805429864254,
        0.9363913277190468,
        0.9260935143288085,
        0.9308738587665363,
        0.9294755877034359,
        0.9344501092498179,
        0.9387755102040817,
        0.934982332155477
      ],
      "deltas": [
        -0.0002663371883502297,
        0.0028428274386368413,
        -0.002028963277391882,
        0.0013498264559648199,
        -0.0048584282232077,
        0.0008436015804546004,
        -0.00410105463233057,
        0.0006597430221433331,
        0.00089179767248182,
        0.0010965458106741988
      ]
    },
    {
      "metric": "mcc",
      "baseline_mean": 0.8683307285560508,
      "pu_mean": 0.8674101509297929,
      "mean_delta": -0.0009205776262579013,
      "pu_wins": 6,
      "pu_losses": 4,
      "ties": 0,
      "paired_ttest_statistic": -0.5995199368475792,
      "paired_ttest_p": 0.5636123382497981,
      "baseline_values": [
        0.8679268001317795,
        0.8741026949496903,
        0.88029369316351,
        0.8672994499972905,
        0.8620404556437622,
        0.8632686105081726,
        0.8656096677947066,
        0.8651390581140973,
        0.8732796699002554,
        0.8643471853572434
      ],
      "pu_values": [
        0.866711423807518,
        0.8805890903480836,
        0.8746861853499652,
        0.8695829010588535,
        0.8551287159233547,
        0.8637003829463132,
        0.856416553012801,
        0.8671944563890189,
        0.8751189911426903,
        0.8649728093193303
      ],
      "deltas": [
        -0.0012153763242614968,
        0.006486395398393352,
        -0.005607507813544799,
        0.0022834510615630244,
        -0.006911739720407484,
        0.0004317724381406318,
        -0.009193114781905654,
        0.002055398274921627,
        0.0018393212424349104,
        0.0006256239620868742
      ]
    }
  ],
  "interpretation": "Use paired fold-level statistics to describe PU-XMSAT full-positive hybrid seed=1337 u0.4 rn0.8 relative to PU-XMSAT full-positive hybrid seed=1337 u0.2 rn0.8. Small non-significant mean deltas should be reported cautiously, not as definitive superiority."
}
