{
  "fold_count": 10,
  "baseline_label": "PU-XMSAT full-positive random seed=2026",
  "pu_label": "PU-XMSAT full-positive hybrid seed=1337",
  "metrics": [
    {
      "metric": "auc",
      "baseline_mean": 0.979731906784434,
      "pu_mean": 0.9803921801571366,
      "mean_delta": 0.0006602733727026355,
      "pu_wins": 8,
      "pu_losses": 2,
      "ties": 0,
      "paired_ttest_statistic": 2.7755811467804503,
      "paired_ttest_p": 0.02155591658730227,
      "baseline_values": [
        0.9807257118855878,
        0.9816470464782446,
        0.9833788751498949,
        0.9789493933504194,
        0.9762942374340854,
        0.9796802846288268,
        0.9786430177473419,
        0.9792097424168017,
        0.9798749965173622,
        0.9789157622357749
      ],
      "pu_values": [
        0.9818972375005159,
        0.9818494014473914,
        0.9831290504367427,
        0.980129679983267,
        0.9781305031283312,
        0.9791114096876861,
        0.9799089388960025,
        0.9797535552687024,
        0.9808351119825142,
        0.9791769132402125
      ],
      "deltas": [
        0.0011715256149281705,
        0.00020235496914677853,
        -0.00024982471315215804,
        0.001180286632847638,
        0.0018362656942457756,
        -0.0005688749411407734,
        0.0012659211486606425,
        0.000543812851900749,
        0.0009601154651519561,
        0.00026115100443757644
      ]
    },
    {
      "metric": "auprc",
      "baseline_mean": 0.9776621033163213,
      "pu_mean": 0.977982962282678,
      "mean_delta": 0.0003208589663566297,
      "pu_wins": 6,
      "pu_losses": 4,
      "ties": 0,
      "paired_ttest_statistic": 0.8147001976569492,
      "paired_ttest_p": 0.43627050000156975,
      "baseline_values": [
        0.9778470278162089,
        0.9802576495623997,
        0.9825386004747558,
        0.9774578326830732,
        0.9732173204296904,
        0.9760514465522606,
        0.9775127369439718,
        0.9772801407761161,
        0.9771164507139358,
        0.9773418272108011
      ],
      "pu_values": [
        0.9795020226196648,
        0.9810488347286961,
        0.9819457010150165,
        0.9781151122404329,
        0.9754170350055713,
        0.9745063622984824,
        0.978428451065211,
        0.976195278778934,
        0.9781105794528493,
        0.9765602456219215
      ],
      "deltas": [
        0.0016549948034558781,
        0.0007911851662963931,
        -0.0005928994597392823,
        0.0006572795573597245,
        0.0021997145758808623,
        -0.001545084253778195,
        0.0009157141212392528,
        -0.0010848619971821627,
        0.000994128738913469,
        -0.0007815815888796429
      ]
    },
    {
      "metric": "f1",
      "baseline_mean": 0.9337760655376354,
      "pu_mean": 0.9347671651403737,
      "mean_delta": 0.0009910996027383211,
      "pu_wins": 6,
      "pu_losses": 4,
      "ties": 0,
      "paired_ttest_statistic": 1.601886712806745,
      "paired_ttest_p": 0.14364452287075524,
      "baseline_values": [
        0.9312948282370705,
        0.9401981599433828,
        0.9419284149013879,
        0.9315561959654178,
        0.9280562234140929,
        0.9306369306369306,
        0.9310656775827755,
        0.9355246523388117,
        0.9354781054512958,
        0.9320214669051878
      ],
      "pu_values": [
        0.9326307866014302,
        0.9395711500974658,
        0.9403095062638173,
        0.9350415012630819,
        0.9309519425520162,
        0.9300302571860817,
        0.9335766423357664,
        0.9337903662276745,
        0.9378837125315999,
        0.9338857863448028
      ],
      "deltas": [
        0.001335958364359624,
        -0.0006270098459170148,
        -0.0016189086375706374,
        0.0034853052976641097,
        0.0028957191379233027,
        -0.0006066734508489713,
        0.002510964752990952,
        -0.0017342861111371288,
        0.0024056070803040175,
        0.0018643194396149587
      ]
    },
    {
      "metric": "mcc",
      "baseline_mean": 0.8660513636765597,
      "pu_mean": 0.8683307285560508,
      "mean_delta": 0.002279364879491097,
      "pu_wins": 6,
      "pu_losses": 4,
      "ties": 0,
      "paired_ttest_statistic": 1.7974154535480154,
      "paired_ttest_p": 0.10582260420580221,
      "baseline_values": [
        0.8655830732904437,
        0.875282685472917,
        0.8827053728261957,
        0.8599968350621687,
        0.8566018128553666,
        0.8643948593538061,
        0.8597116996751817,
        0.8687593554149791,
        0.8677469214313678,
        0.8597310213831705
      ],
      "pu_values": [
        0.8679268001317795,
        0.8741026949496903,
        0.88029369316351,
        0.8672994499972905,
        0.8620404556437622,
        0.8632686105081726,
        0.8656096677947066,
        0.8651390581140973,
        0.8732796699002554,
        0.8643471853572434
      ],
      "deltas": [
        0.0023437268413357693,
        -0.0011799905232267038,
        -0.0024116796626856285,
        0.007302614935121743,
        0.005438642788395565,
        -0.001126248845633504,
        0.005897968119524921,
        -0.0036202973008817585,
        0.005532748468887627,
        0.00461616397407294
      ]
    }
  ],
  "interpretation": "Use paired fold-level statistics to describe PU-XMSAT full-positive hybrid seed=1337 relative to PU-XMSAT full-positive random seed=2026. Small non-significant mean deltas should be reported cautiously, not as definitive superiority."
}
