{
  "unseen_cmm": {
    "adr_edge_degree_zero": {
      "mean": 0.0036013911778242993,
      "values": [
        0.0,
        0.012738853503184714,
        0.0,
        0.0,
        0.006993006993006993,
        0.0,
        0.009615384615384616,
        0.006666666666666667,
        0.0,
        0.0
      ]
    },
    "any_herb_causes_degree_zero": {
      "mean": 0.0016282051282051283,
      "values": [
        0.0,
        0.0,
        0.0,
        0.0,
        0.0,
        0.0,
        0.009615384615384616,
        0.006666666666666667,
        0.0,
        0.0
      ]
    },
    "herb_not_in_train_fold_dev": {
      "mean": 0.0,
      "values": [
        0.0,
        0.0,
        0.0,
        0.0,
        0.0,
        0.0,
        0.0,
        0.0,
        0.0,
        0.0
      ]
    },
    "herb_not_in_train_pos_or_neg": {
      "mean": 0.0,
      "values": [
        0.0,
        0.0,
        0.0,
        0.0,
        0.0,
        0.0,
        0.0,
        0.0,
        0.0,
        0.0
      ]
    }
  },
  "table5": {
    "oof_exclude_all_positives": {
      "top1_score": 0.9992477893829346,
      "lit_edges_in_top15": 5
    },
    "oof_exclude_faers_only": {
      "top1_score": 0.9995784163475037,
      "lit_edges_in_top15": 5,
      "n_lit_in_graph": 1328
    },
    "paper_seed_top1_oof": {
      "mode": "paper_herb_top1_oof",
      "diagnostic_only": true,
      "is_table5_reproduction_claim": false,
      "reason": "Uses the 15 paper Table 5 herbs as seeds, then picks each herb top-1 OOF ADR; it can reproduce paper support labels but not paper pairs.",
      "n_rows": 15,
      "adr_match_paper": 0,
      "supported_count": 13,
      "support_rate": 0.8666666666666667
    },
    "paper_reference_pair_coverage": {
      "paper_rows": 15,
      "mapped_pairs": 14,
      "pairs_in_graph": 1,
      "pairs_in_faers": 0,
      "pairs_in_literature": 1,
      "pairs_in_oof_scores": 1,
      "unmapped_adr_pts": [
        "Small intestinal haemorrhage"
      ]
    },
    "n_faers_pairs": 25734,
    "n_lit_pairs": 1328,
    "n_all_pos": 27062
  },
  "coldstart_reported": [
    {
      "model": "MSAT",
      "precision": {
        "mean": 0.3595987846786837,
        "std": 0.03874638952574129,
        "values": [
          0.3553459119496855,
          0.42765273311897106,
          0.38095238095238093,
          0.35514018691588783,
          0.32670454545454547,
          0.3746130030959752,
          0.2772585669781931,
          0.3931888544891641,
          0.3356401384083045,
          0.3694915254237288
        ]
      },
      "mcc": {
        "mean": 0.5203316422485981,
        "std": 0.03292733930270442,
        "values": [
          0.507628745762772,
          0.5707350700232234,
          0.5573136863325222,
          0.525567224435797,
          0.4760402611146713,
          0.5254013099831321,
          0.4568948320452083,
          0.5452390838365562,
          0.5118063606484357,
          0.5266898483036633
        ]
      },
      "auc": {
        "mean": 0.9535089294805303,
        "std": 0.007512780399208341,
        "values": [
          0.959155603396723,
          0.9493573595125582,
          0.9697630607393921,
          0.9525840591553225,
          0.9406867713495536,
          0.9492265315658739,
          0.9466446016891121,
          0.9553990610328639,
          0.957361583874056,
          0.954910662489848
        ]
      }
    },
    {
      "model": "GAT",
      "precision": {
        "mean": 0.349333220698303,
        "std": 0.06339226894680457,
        "values": [
          0.2824427480916031,
          0.43010752688172044,
          0.392,
          0.32781456953642385,
          0.3264705882352941,
          0.4117647058823529,
          0.22388059701492538,
          0.3902439024390244,
          0.3041958041958042,
          0.40441176470588236
        ]
      },
      "mcc": {
        "mean": 0.4930958293209825,
        "std": 0.05172153609938138,
        "values": [
          0.4371559358136554,
          0.5406631827718485,
          0.5482077916606991,
          0.4628680645992193,
          0.4663590790102636,
          0.5135766064678235,
          0.4042983352394228,
          0.5452312979490708,
          0.4547134568454382,
          0.5578845428523844
        ]
      },
      "auc": {
        "mean": 0.9449250702029703,
        "std": 0.01004221469622227,
        "values": [
          0.9395433248571265,
          0.9262727336648571,
          0.9590793000556315,
          0.9365025582911697,
          0.9346334655875805,
          0.9462408696293746,
          0.9480284181693677,
          0.9586434395848776,
          0.9498657057759812,
          0.9504408864137373
        ]
      }
    },
    {
      "model": "HGT",
      "precision": {
        "mean": 0.4188842700890712,
        "std": 0.04213836916627136,
        "values": [
          0.3532934131736527,
          0.5074626865671642,
          0.4103585657370518,
          0.45267489711934156,
          0.4064748201438849,
          0.44802867383512546,
          0.36220472440944884,
          0.42424242424242425,
          0.4067796610169492,
          0.41732283464566927
        ]
      },
      "mcc": {
        "mean": 0.569299443728073,
        "std": 0.03234361986853928,
        "values": [
          0.5183707134819912,
          0.638181831485318,
          0.5781850058728968,
          0.5926160342682064,
          0.5370171040986843,
          0.5936919914364789,
          0.5429190771079264,
          0.567598921112796,
          0.567836783584541,
          0.5565769748318901
        ]
      },
      "auc": {
        "mean": 0.9611097423597043,
        "std": 0.006070274678160492,
        "values": [
          0.9568493471240699,
          0.9609348291504927,
          0.9704173620593739,
          0.9582729470318413,
          0.9464930553787072,
          0.9622955657755589,
          0.9630078749144031,
          0.9633901655547319,
          0.96640982342304,
          0.9630264531848243
        ]
      }
    },
    {
      "model": "Simple-HGN",
      "precision": {
        "mean": 0.34310577531845826,
        "std": 0.04360302951109601,
        "values": [
          0.34810126582278483,
          0.40476190476190477,
          0.32601880877742945,
          0.3605015673981191,
          0.2924791086350975,
          0.3251366120218579,
          0.27009646302250806,
          0.4228187919463087,
          0.33858267716535434,
          0.34256055363321797
        ]
      },
      "mcc": {
        "mean": 0.4915675499334105,
        "std": 0.041087330108897785,
        "values": [
          0.4939442847551666,
          0.5189217783152661,
          0.5095750649470798,
          0.5328171982150587,
          0.4219767837046373,
          0.47804428592010356,
          0.43543025439554317,
          0.5664863827377868,
          0.4812458725602271,
          0.4772335937832364
        ]
      },
      "auc": {
        "mean": 0.9456069756029422,
        "std": 0.010823362692735008,
        "values": [
          0.9594858114537995,
          0.9372052594444269,
          0.9516512415920699,
          0.9563823456554608,
          0.9268153550746413,
          0.9361894690243723,
          0.9423576238301757,
          0.961717321472696,
          0.9452584831400915,
          0.939006845341687
        ]
      }
    }
  ]
}